id,专辑id,用户视角,声音id,书名,作者,主播,是否完结,播放集数,总集数,声音标题,tag,一句话,其他备选标签,首页图片,文稿,剧情梗概,精彩片段,用户评价-内容,用户评价-配音
1,49808826,男青年,420297458,诡秘之主,爱潜水的乌贼,8082AUdio,已完结,8,2070,诡秘之主 008 愚者,"高玩心态
机制破解",末日废土我靠扮演法旧日成神,"播放量：19.03亿
推荐值：94%
神作必听
全站爆款月票榜NO.3
克苏鲁、烧脑、魔法、西方奇幻、男频",诡秘之主-男青年-封面图,"{""text"": ""欢迎收听由喜马拉雅和阅文出品爱潜水的乌贼原著八零八二o九制作的多人有声小说，诡秘之主风暴雨存在第八集。我倒，我也想知道答案，他开始思考该用怎样的回答维持神秘莫测的形象。与此同时，他觉得这样站着对话，显得有点low。如此场景，不是该有一座神殿，一张长桌以及众多雕刻着古老花纹，满是神秘感觉的靠背座椅。而自己端坐最上首，静静注视着客人吗？周明瑞念头刚落，灰雾呼的翻滚，吓了奥黛丽和阿尔杰一跳。瞬息之间，他们看见周围多了一根根高耸的石柱，看见上方被宽广的穹顶笼罩，整个建筑壮观，恢弘巍峨，就像是传说里巨人的王殿穹顶正下方挥舞簇拥处。多了一张青铜长桌，左右各有十张高背椅，前后亦安装着同样的座位，椅子背面璀璨闪烁，深红暗敛，勾勒出不与现实对应的奇怪星座。奥黛丽和阿尔杰正好相对而坐，处于最靠近上手的位置。少女往左看了看，又往右瞧一瞧，忍不住低声嘀咕道。真是神奇啊。确实神奇，确实神奇。周明瑞伸出右手，幅度很小的摩唆着青铜长桌的边缘，表面不动声色。阿尔杰亦是四下打量了一遍，几秒的沉默后，他突地开口代替周明瑞回答了奥黛丽的问题，你是鲁文人吗？想成为非凡者，就加入黑夜女神教会风暴之主，教会或蒸汽机械之神教会。虽然绝大多数人一生都见不到非凡，以至于怀疑教会也是同样的情况，甚至在几大教会内部，不少神职人员也有类似的想法，但我可以明确告诉你。在仲裁庭在裁判所在处刑机关，非凡者依旧存在，依旧在对抗着黑暗里生长的危险，只是数量和黑铁时代，早期或之前相比，少了很多很多。周明瑞专注听着肢体动作，却竭力表现出听小朋友讲故事的不在意态度。依靠克莱恩残留的历史学常识，他清楚黑铁时代指的是当前纪元，也就是第五纪开始于1349年前。奥黛丽安静听完，轻呼了一口气道，哎，先生，你说的我都知道，甚至知道更多。比如值夜者，比如代罚者比如机械之心。但是我不想失去自由。阿尔杰低笑了一声，含糊道，哪有不想付出代价就成为非凡者的。如果不考虑加入教会接受考验，那你只能去找王室，找家族历史在千年以上的那几位贵族，或者凭运气询问那些。躲躲藏藏的邪恶组织，奥黛丽下意识鼓了鼓腮帮子，接着慌乱的左看右看，等确定神秘先生和对面的家伙都没有注意到自己的小动作，才追问到。没有别的办法了吗？阿尔杰陷入了沉默。十几个呼吸后，他扭头望向不发一言安静旁观的神秘先生。周明瑞见对方不置可否。他才看回奥黛丽，斟酌着说道，我手上其实有两份序列九的魔药配方序列九真的是哪两份？奥黛丽明显很清楚，序列九的磨药配方代表着什么。二姐往后微靠，语气不快不慢的回答，你知道的。人类想要成为真正的非凡者，取盈依靠魔药，而魔药的名称来自亵渎石板，经过巨人语，精灵语苦和米斯语，古福萨克语，当代赫米斯语的不断转移草，就有了符合时代特征的变化。名称不是重点，重点是他能否代表这份魔药的核心象征？我手中的序列9配方一份叫做水手，它能够让你拥有出色的平衡能力，哪怕在暴风雨笼罩的船上也能自由行走如大地，你还能获得卓越的力量，以及隐藏于皮肤下的幻鳞，却会让你像鱼一样难以被抓住在水中，灵活的仿佛海族，哪怕不用任何装备。也能轻松的潜水至少十分钟，听起来很棒啊。风暴之主的海眷者奥黛丽半是期待半是求证的反问。在古代，他确实叫做海眷者。阿尔杰没做停顿，继续说道，第二份序列九配方叫做观众取谷的，怎么称呼？我就不知道了，这份模样能让你得到出众的精神和敏锐的观察力。我相信你看过歌剧和戏剧，能明白观众代表的意思，像旁观者一样审视世俗社会里的演员，从他们的表情，他们的举止，他们的口癖，他们不为人知的动作窥见他们。真实的想法。说到这里，阿尔杰强调了一句，你必须记住，不管是奢靡的宴会还是热闹的街头，观众永远只是观众。奥黛丽听得眼睛发亮，好半天才道。为什么？哎，好吧，这是后续的问题。我，我想我喜欢上了这种感觉，关注我该怎样获得观众的配方，用什么和你交换。二姐像是早有准备，沉声回答道，鬼鲨的血，至少100mL鬼鲨的血。奥黛丽先是兴奋点头，继而担忧问道，那如果我能拿到？哎，我是说，如果我该怎么给你啊，又该怎么保证你拿到鬼鲨血后将魔药的配方给我，以及这份配方的真实。二姐语气平常道，等我收到鬼鲨血就回去配方给你，等我收到鬼鲨血就回去配方给你，或者直接在这里告诉我至于保证。我想，如果有这位神秘的阁下做见证，你和我都会足够放心。说这句话的时候，他将目光转向了端坐上手的周明，瑞阁下，您能拉我们来到这里，拥有我们无法想象的威力，您做的见证，不管是我，还是他都不敢违背。对奥黛丽眼睛一亮，激动赞同。在他看来，手段让人无法想象的神秘先生确实是足够权威的见证。自己和对面的家伙哪有胆量欺骗他。奥黛丽半转身体，诚恳望向了周明瑞，阁下，请您做我们交易的见证。这个时候，他才发现自己竟然一直遗忘了某个问题，太不够礼貌。忙又问道，啊，搁下我们该怎么称呼你。二杰微微点头，跟着庄重问道，阁下，我们该怎么称呼您？周明瑞听得愣了一下，放在青铜长桌上的手指轻轻敲动起来，脑海内忽然闪过了之前占卜的内容。他往后一靠，收回右手，食指交叉着抵御下巴，微笑看着两人道，你们可以称呼我为。说到这里，他顿了顿，语气亲和而平淡的开口，愚者？手？""}","蒸汽与机械的浪潮中，谁能触及非凡？历史和黑暗的迷雾里，又是谁在耳语？我从诡秘中醒来，睁眼看见这个世界：
枪械，大炮，巨舰，飞空艇，差分机；魔药，占卜，诅咒，倒吊人，封印物……光明依旧照耀，神秘从未远离，这是一段“愚者”的传说。",人类想要成为真正的非凡者，依靠魔药。我手中的序列9配方，一份叫做【水手】，它能够让你拥有出色的平衡能力，哪怕在暴风雨笼罩的船上也能自由行走如大地。第二份序列九配方叫做【观众】，它能让你得到出众的精神和敏锐的观察力，像旁观者一样审视世俗社会里的演员，从他们的表情、举止、口癖、不为人知的动作，窥见他们真实的想法。,全员智商在线，聆听时需带脑。剧情细腻，世界观构建极具画面感，代入感强烈,"1）角色声音高度贴合人物性格，情绪递进自然，让听众一听就能“看到”角色。优秀的声线细节强化世界观真实感，让第一耳朵就沉浸。

2）每个角色的声音都很贴合心目中的印象，这才是有声书该有的样子

3）多人剧形式让角色关系、情绪冲突和故事节奏更具临场感。听众不仅“听故事”，而是“置身故事之中”，连日常场景都变得立体

4）环境声、脚步声、声场空间等细节处理让故事更“活”。有声剧把文本中的时代感、神秘感和氛围感都具象化，沉浸感远超纯文字"
2,49808826,男青年,420297458,诡秘之主,爱潜水的乌贼,8082AUdio,已完结,8,2070,诡秘之主 009 愚者,"高玩心态
机制破解",末日废土我靠扮演法旧日成神,"播放量：19.03亿
推荐值：94%
神作必听
全站爆款月票榜NO.3
克苏鲁、烧脑、魔法、西方奇幻、男频",诡秘之主-男青年-精彩片段图,,"蒸汽与机械的浪潮中，谁能触及非凡？历史和黑暗的迷雾里，又是谁在耳语？我从诡秘中醒来，睁眼看见这个世界：
枪械，大炮，巨舰，飞空艇，差分机；魔药，占卜，诅咒，倒吊人，封印物……光明依旧照耀，神秘从未远离，这是一段“愚者”的传说。",,,"1）角色声音高度贴合人物性格，情绪递进自然，让听众一听就能“看到”角色。优秀的声线细节强化世界观真实感，让第一耳朵就沉浸。

2）每个角色的声音都很贴合心目中的印象，这才是有声书该有的样子

3）多人剧形式让角色关系、情绪冲突和故事节奏更具临场感。听众不仅“听故事”，而是“置身故事之中”，连日常场景都变得立体

4）环境声、脚步声、声场空间等细节处理让故事更“活”。有声剧把文本中的时代感、神秘感和氛围感都具象化，沉浸感远超纯文字"
3,49808826,男青年,420297458,诡秘之主,爱潜水的乌贼,8082AUdio,已完结,8,2070,诡秘之主 010 愚者,"高玩心态
机制破解",末日废土我靠扮演法旧日成神,"播放量：19.03亿
推荐值：94%
神作必听
全站爆款月票榜NO.3
克苏鲁、烧脑、魔法、西方奇幻、男频",诡秘之主-剧情梗概图,,"蒸汽与机械的浪潮中，谁能触及非凡？历史和黑暗的迷雾里，又是谁在耳语？我从诡秘中醒来，睁眼看见这个世界：
枪械，大炮，巨舰，飞空艇，差分机；魔药，占卜，诅咒，倒吊人，封印物……光明依旧照耀，神秘从未远离，这是一段“愚者”的传说。",,,"1）角色声音高度贴合人物性格，情绪递进自然，让听众一听就能“看到”角色。优秀的声线细节强化世界观真实感，让第一耳朵就沉浸。

2）每个角色的声音都很贴合心目中的印象，这才是有声书该有的样子

3）多人剧形式让角色关系、情绪冲突和故事节奏更具临场感。听众不仅“听故事”，而是“置身故事之中”，连日常场景都变得立体

4）环境声、脚步声、声场空间等细节处理让故事更“活”。有声剧把文本中的时代感、神秘感和氛围感都具象化，沉浸感远超纯文字"
4,49808826,女青年,420297458,诡秘之主,爱潜水的乌贼,8082AUdio,已完结,8,2070,诡秘之主 011 愚者,"美强惨
破碎感",他于迷雾中独行：在深渊凝视长夜,"播放量：19.03亿
推荐值：94%
神作必听
全站爆款月票榜NO.3
克苏鲁、烧脑、魔法、西方奇幻、男频",诡秘之主-女青年-封面图,"{""text"": ""欢迎收听由喜马拉雅和阅文出品爱潜水的乌贼原著八零八二o九制作的多人有声小说，诡秘之主风暴雨存在第八集。我倒，我也想知道答案，他开始思考该用怎样的回答维持神秘莫测的形象。与此同时，他觉得这样站着对话，显得有点low。如此场景，不是该有一座神殿，一张长桌以及众多雕刻着古老花纹，满是神秘感觉的靠背座椅。而自己端坐最上首，静静注视着客人吗？周明瑞念头刚落，灰雾呼的翻滚，吓了奥黛丽和阿尔杰一跳。瞬息之间，他们看见周围多了一根根高耸的石柱，看见上方被宽广的穹顶笼罩，整个建筑壮观，恢弘巍峨，就像是传说里巨人的王殿穹顶正下方挥舞簇拥处。多了一张青铜长桌，左右各有十张高背椅，前后亦安装着同样的座位，椅子背面璀璨闪烁，深红暗敛，勾勒出不与现实对应的奇怪星座。奥黛丽和阿尔杰正好相对而坐，处于最靠近上手的位置。少女往左看了看，又往右瞧一瞧，忍不住低声嘀咕道。真是神奇啊。确实神奇，确实神奇。周明瑞伸出右手，幅度很小的摩唆着青铜长桌的边缘，表面不动声色。阿尔杰亦是四下打量了一遍，几秒的沉默后，他突地开口代替周明瑞回答了奥黛丽的问题，你是鲁文人吗？想成为非凡者，就加入黑夜女神教会风暴之主，教会或蒸汽机械之神教会。虽然绝大多数人一生都见不到非凡，以至于怀疑教会也是同样的情况，甚至在几大教会内部，不少神职人员也有类似的想法，但我可以明确告诉你。在仲裁庭在裁判所在处刑机关，非凡者依旧存在，依旧在对抗着黑暗里生长的危险，只是数量和黑铁时代，早期或之前相比，少了很多很多。周明瑞专注听着肢体动作，却竭力表现出听小朋友讲故事的不在意态度。依靠克莱恩残留的历史学常识，他清楚黑铁时代指的是当前纪元，也就是第五纪开始于1349年前。奥黛丽安静听完，轻呼了一口气道，哎，先生，你说的我都知道，甚至知道更多。比如值夜者，比如代罚者比如机械之心。但是我不想失去自由。阿尔杰低笑了一声，含糊道，哪有不想付出代价就成为非凡者的。如果不考虑加入教会接受考验，那你只能去找王室，找家族历史在千年以上的那几位贵族，或者凭运气询问那些。躲躲藏藏的邪恶组织，奥黛丽下意识鼓了鼓腮帮子，接着慌乱的左看右看，等确定神秘先生和对面的家伙都没有注意到自己的小动作，才追问到。没有别的办法了吗？阿尔杰陷入了沉默。十几个呼吸后，他扭头望向不发一言安静旁观的神秘先生。周明瑞见对方不置可否。他才看回奥黛丽，斟酌着说道，我手上其实有两份序列九的魔药配方序列九真的是哪两份？奥黛丽明显很清楚，序列九的磨药配方代表着什么。二姐往后微靠，语气不快不慢的回答，你知道的。人类想要成为真正的非凡者，取盈依靠魔药，而魔药的名称来自亵渎石板，经过巨人语，精灵语苦和米斯语，古福萨克语，当代赫米斯语的不断转移草，就有了符合时代特征的变化。名称不是重点，重点是他能否代表这份魔药的核心象征？我手中的序列9配方一份叫做水手，它能够让你拥有出色的平衡能力，哪怕在暴风雨笼罩的船上也能自由行走如大地，你还能获得卓越的力量，以及隐藏于皮肤下的幻鳞，却会让你像鱼一样难以被抓住在水中，灵活的仿佛海族，哪怕不用任何装备。也能轻松的潜水至少十分钟，听起来很棒啊。风暴之主的海眷者奥黛丽半是期待半是求证的反问。在古代，他确实叫做海眷者。阿尔杰没做停顿，继续说道，第二份序列九配方叫做观众取谷的，怎么称呼？我就不知道了，这份模样能让你得到出众的精神和敏锐的观察力。我相信你看过歌剧和戏剧，能明白观众代表的意思，像旁观者一样审视世俗社会里的演员，从他们的表情，他们的举止，他们的口癖，他们不为人知的动作窥见他们。真实的想法。说到这里，阿尔杰强调了一句，你必须记住，不管是奢靡的宴会还是热闹的街头，观众永远只是观众。奥黛丽听得眼睛发亮，好半天才道。为什么？哎，好吧，这是后续的问题。我，我想我喜欢上了这种感觉，关注我该怎样获得观众的配方，用什么和你交换。二姐像是早有准备，沉声回答道，鬼鲨的血，至少100mL鬼鲨的血。奥黛丽先是兴奋点头，继而担忧问道，那如果我能拿到？哎，我是说，如果我该怎么给你啊，又该怎么保证你拿到鬼鲨血后将魔药的配方给我，以及这份配方的真实。二姐语气平常道，等我收到鬼鲨血就回去配方给你，等我收到鬼鲨血就回去配方给你，或者直接在这里告诉我至于保证。我想，如果有这位神秘的阁下做见证，你和我都会足够放心。说这句话的时候，他将目光转向了端坐上手的周明，瑞阁下，您能拉我们来到这里，拥有我们无法想象的威力，您做的见证，不管是我，还是他都不敢违背。对奥黛丽眼睛一亮，激动赞同。在他看来，手段让人无法想象的神秘先生确实是足够权威的见证。自己和对面的家伙哪有胆量欺骗他。奥黛丽半转身体，诚恳望向了周明瑞，阁下，请您做我们交易的见证。这个时候，他才发现自己竟然一直遗忘了某个问题，太不够礼貌。忙又问道，啊，搁下我们该怎么称呼你。二杰微微点头，跟着庄重问道，阁下，我们该怎么称呼您？周明瑞听得愣了一下，放在青铜长桌上的手指轻轻敲动起来，脑海内忽然闪过了之前占卜的内容。他往后一靠，收回右手，食指交叉着抵御下巴，微笑看着两人道，你们可以称呼我为。说到这里，他顿了顿，语气亲和而平淡的开口，愚者？手？""}","蒸汽与机械的浪潮中，谁能触及非凡？历史和黑暗的迷雾里，又是谁在耳语？我从诡秘中醒来，睁眼看见这个世界：
枪械，大炮，巨舰，飞空艇，差分机；魔药，占卜，诅咒，倒吊人，封印物……光明依旧照耀，神秘从未远离，这是一段“愚者”的传说。",你必须记住，\n不管是奢靡的宴会还是热闹的街头，\n观众永远只是观众。”\n\n“我……我想我喜欢上了这种感觉。”\n\n“阁下，我们该怎么称呼您？”\n\n“你们可以称呼我为……愚者。”,奥黛丽是我见过最完美的女性角色，她就如同宝石一样纯净，闪闪发光，且一点也不刺眼。,"1）角色声音高度贴合人物性格，情绪递进自然，让听众一听就能“看到”角色。优秀的声线细节强化世界观真实感，让第一耳朵就沉浸。

2）每个角色的声音都很贴合心目中的印象，这才是有声书该有的样子

3）多人剧形式让角色关系、情绪冲突和故事节奏更具临场感。听众不仅“听故事”，而是“置身故事之中”，连日常场景都变得立体

4）环境声、脚步声、声场空间等细节处理让故事更“活”。有声剧把文本中的时代感、神秘感和氛围感都具象化，沉浸感远超纯文字"
5,49808826,女青年,420297458,诡秘之主,爱潜水的乌贼,8082AUdio,已完结,8,2070,诡秘之主 012 愚者,"美强惨
破碎感",他于迷雾中独行：在深渊凝视长夜,"播放量：19.03亿
推荐值：94%
神作必听
全站爆款月票榜NO.3
克苏鲁、烧脑、魔法、西方奇幻、男频",诡秘之主-女青年-精彩片段图,,"蒸汽与机械的浪潮中，谁能触及非凡？历史和黑暗的迷雾里，又是谁在耳语？我从诡秘中醒来，睁眼看见这个世界：
枪械，大炮，巨舰，飞空艇，差分机；魔药，占卜，诅咒，倒吊人，封印物……光明依旧照耀，神秘从未远离，这是一段“愚者”的传说。",,,"1）角色声音高度贴合人物性格，情绪递进自然，让听众一听就能“看到”角色。优秀的声线细节强化世界观真实感，让第一耳朵就沉浸。

2）每个角色的声音都很贴合心目中的印象，这才是有声书该有的样子

3）多人剧形式让角色关系、情绪冲突和故事节奏更具临场感。听众不仅“听故事”，而是“置身故事之中”，连日常场景都变得立体

4）环境声、脚步声、声场空间等细节处理让故事更“活”。有声剧把文本中的时代感、神秘感和氛围感都具象化，沉浸感远超纯文字"
6,33476331,男老年,259074914,上门龙婿,叶公子,经致听书,已完结,2,2508,上门龙婿002 现金一百亿,"都市神医
重振家族",给老婆端了三年洗脚水，庆寿当天叶家真龙归位,"播放量：45.3亿
推荐值：66%
值得一听
全站畅销榜NO.1
职场、商战、扮猪吃虎、男频、赘婿",上门龙婿-男老年-封面图,"{""text"": ""欢迎收听由精致文学出品声像工作室制作的上门龙同事第二集，叶晨内心轻叹，岳母一直瞧不起自己，但是如果让他知道自己现在是帝豪集团老板有100亿的现金。他会有什么表现，可是叶晨暂时还不准备让人知道自己的身份，自己离开叶家多年，谁知道叶家现在是什么情况，万一暴露了自己，叶家内部有人对自己不利怎么办，所以还是先低调一些比较好。于是他低着头抱歉地说道，妈，嗯，对不起啊，今天给您添麻烦了，你这何止是添麻烦啊，你这是要我们一家三口的命，你就不能有点自知之明，赶紧从我们家滚蛋。妈，你怎么说话呢，叶晨是你女婿放屁，我没有这样的废物，女婿滚得越远越好。萧初然推了叶晨一把，赶紧回屋哦。叶晨感激的点点头，逃回了房间。他和肖初然结婚三年了，但是三年都没有过夫妻之时，萧初然睡床，他睡在旁边的地铺上，这一晚，叶晨久久不能入眠，今天发生的事情真的是太让人震惊了。他一时半会儿还消化不了睡觉之前，萧初然对他说，李阿姨怎么样了，我这儿还有十几万私房钱，明天你带过去给他用吧。嗯，不用了，有人已经给李阿姨交了钱，送她去燕京治疗了。真的，李阿姨有救了。对啊，李阿姨一生行善积德的帮助过那么多人，现在终于有人回报他了，那就好，你也能松口气了，是啊，我得睡了。最近公司事情特别多好累啊，公司里是出什么事儿了吗？业务上不太好，奶奶一直想跟帝豪集团这样的大公司合作，但萧家实力还是弱了很多，人家看不上啊，肖家跟帝豪集团没有合作，帝豪集团哪儿能看得上萧家呀，就连薇薇的未婚夫王云飞家里也只是勉强能跟帝豪集团搭上一点边。奶奶就指望着他们俩。结婚之后，王家能帮萧家跟帝豪集团搭上线呢。哦，我知道了。原来萧家萧尖了脑袋，都想跟帝豪集团合作呀，可是肖老太太怕是做梦也想不到，帝豪集团现在已经是自己的了。想到这儿，叶晨决定先去接手帝豪集团，然后通过帝豪集团给萧初然一点帮助。她在萧家太受欺负了，自己作为她的老公，有责任帮她提高在家族里的地位。楚然老公从今天起不一样了，不会再让任何人瞧不起你，我会让整个萧家都向你卑躬屈膝。第二天一大早，叶晨做完早饭之后，便骑着自己的小电驴来到帝豪集团，把小电驴停在帝豪集团的停车场边上。刚把车锁好，一辆黑色的宾利轿车就缓缓的停在了对面的一个车车位上。叶晨不经意间，一抬头，便看到车里面走下来一对儿年轻男女，男的身穿着高档西装，一看就很有派头女的打扮妖艳虽然有些艳俗。但也算是少见的美女，仔细一看，竟然是萧初然的堂妹萧薇薇，以及他那个即将订婚的未婚夫王家大少王云飞。叶晨不知道萧薇薇跟王云飞来帝豪集团做什么，但是为了避免麻烦，他还是准备躲远一点，可没想到事情是越躲越来眼尖的，萧薇薇立刻看见了叶晨，高声叫了一嗓子，哎呀，姐夫。萧薇薇这一声姐夫叫得极其亲切。叶城听完之后，却不由一阵头大出于礼数，他只能停住脚步，但两人走近了，才笑着说道，薇薇，你怎么在这儿啊？我跟云飞过来去拜会帝豪集团的副董事长王冬雪。说完，他一脸爱慕地看向王云飞。于飞家里跟帝豪集团有很多合作，将来啊，不但能帮到王家，还能帮到我们萧家。叶晨并不知道王家跟帝豪集团有合作，毕竟帝豪集团也是刚成为他的产业，还来不及了解，不过他也没有表露出来，只是笑着说着，王公子气质非凡，实力不俗。你们呐，真是郎才女貌啊。王云飞轻蔑的看向叶晨，心里不由感到一阵不公，这个臭屌丝昨天被肖老太太骂成那个狗样子。今天还跟没事人似的嬉皮笑脸。为什么萧初然那样的绝色美人会嫁给这样的窝囊废呢？如果没有这个窝囊废，自己肯定会拼命的追求萧初然，哪儿还会跟这个各方面都次一等的萧薇薇订婚。想到这儿，王云飞心中不爽，故意问道，姐夫，跑来帝豪集团做什么哦，我是来找工作的找工作，你这种干啥啥不行的废物还想来帝豪集团找工作。我找工作和你有什么关系啊。萧薇薇叫住叶晨，就是想好好的讽刺挖捕他见王云飞竟然先开始，于是他也立刻讥讽道，怎么，难道云飞说错了要学历，你这窝囊废，有文凭吗，要能力，你这个窝囊废，有成绩吗？就你这样的废物来帝豪集团应聘保安都不会要你。哎，有点儿自知之明的话，还不如去街上捡垃圾，起码一个月还能赚个两三千。说完，他把手里的饮料瓶子丢到叶晨脚下，哼哼道呢，别说我不照顾你，把这个空名字捡起来，拿去卖钱吧，虽然你很垃圾，不过既然是亲戚，那我多少都得照顾你。正巧我跟帝豪集团的副董事长有些交情，不如我帮你说上两句话，让他帮你安排个扫厕所的工作。哼，我找什么样的工作不需要你操心，你还是多操心操心你自己吧。这帝豪集团是大企业，我相信他们不会跟你这种素质低下的垃圾合作的。他们说谁是垃圾，你就是垃圾。说完懒得搭理王云飞，迈步就往帝豪集团大厦里走，你给我站住。王云飞快步跟上，在电梯口追上了叶辰。他本想好好的教训教训叶晨的，最少也得给他两个耳光，让他知道得罪自己的下场，但是一看现在已经在帝豪集团大厦内部担心在这儿动手。会惹怒合作伙伴，于是便只好暂时打消了教训他的念头。他嘴里咬牙切齿道，废物，今天就暂时放你吧，下次你就不会有这么好的运气了。叶晨冷哼一声，迈步走进电梯。王云飞，你以为自己很牛叉，是吗？相信我，很快你就会知道狂妄的代价。他妈王云飞迈步就要冲进电梯，萧微微拉了他一把，语气鄙夷地说道，哎，云飞，别给这种垃圾做同一部电梯，免得被他身上的臭气熏到。王云飞点点头，知道自己不能在这里跟他动手，于是冷声道，放你一把，下次我要你好看。叶晨直接乘坐电梯来到董事长办公室所在的最顶层帝豪集团这边航司还早就已经帮他给安排好。负责跟他对接的是一个叫做王冬雪的女人。王冬雪在金陵的名气很大，是金陵最著名的职场女强人，不仅长得漂亮，而且工作能力极强，年纪轻轻就已经升任帝豪集团的副董事长。帝豪集团能有今天，他是功不可没，现在帝豪集团已经被叶家收购，原本的董事长已经退位，而王冬雪则留了下来，准备辅佐新的董事长。一见到叶晨，王冬雪便震惊不已，他没想到唐四海口中的叶公子竟然会这么年轻，而且还是风度翩翩，随后他不敢耽搁，立刻恭敬无比的说着，少爷，请您屈尊到我的办公室。叶晨也是第一次见到王冬雪，不得不说，王冬雪长得真的是美艳无双，他二十七八岁的年纪，有着苗条又不失风韵的身材，倾国倾城的美貌以及高贵干练的气质。叶晨在王冬雪的办公桌前坐下，开口便道，未来我不会经常来帝豪集团，所以帝豪集团这边儿还要你来主持大局。、王冬雪知道面前的叶公子家族实力非一个帝豪集团对他的家族来说。简直就是毛毛雨，不愿意来亲自管理也属正常。于是他便急忙说道，叶公子，以后有任何事情，您尽管吩咐，我就可以。这时，一个女秘书敲门进来，王福董有一个叫王云飞的，带着他的未婚妻来拜会您，我在见贵客，让他们先等着你认识这个汪云飞啊。这个王云飞家里是咱们下面的一个合作商，主要业务都是依附着咱们，他们家一直说要来拜会一下，都已经来了好几回了。从现在开始，帝豪集团不得再与王家有任何商业来往，所有进行中和筹备中的合作全部叫停。如果王家还能从帝豪集团赚到一分钱，你觉得副董事长王冬雪一听这话，表情顿时一凛，他不用问，也知道，一定是王家的人得罪了少爷，于是他立刻点了点头，说道，少爷放心，我现在就吩咐下去，全面终止，跟王家的一切合作告诉他们，就说帝豪集团不会跟素质下的垃圾合作。然后让保安外面，王云飞和萧薇薇正满心激动地等着王家一直想成为帝豪集团的战略合作伙伴。所以呢，特别希望能够与王冬雪拉近关系，但没想到王冬雪的秘书竟然带着好几个保安来了。王云飞忍不住地问他，你好，请问王副董有时间见我们吗？对不起，我们王副董说了，帝豪集团不会跟你们这种素质低下的垃圾合作，从现在起取消与你们家所有的合作。你说什么？王云飞错愕了片刻，心中惊诧，这句话怎么这么耳熟啊？啊？对了，刚才在停车场的时候，叶晨也说过一模一样的话，王富董这是什么意思，难道要跟王家停止合作吗？王云飞感觉大脑一阵充血，这怎么回事儿，终止一切合作。王家一大半的盈利是依靠着帝豪集团赚的，如果终止合作的话，那家族实力岂不是立刻被削减大半儿？他无法接受这样的现实，大声的吼道，我要见王副董，我要当面跟王副董问清楚。不好意思啊，我们王副董不会见你，而且以后也不允许你再踏入帝豪集团半步。你他妈的臭婊子故意玩儿我是不是我们是帝豪集团的长期合作伙伴，怎么可能说终止就终止保安把他们轰出去。保安队长立刻冲上前来，一把抓住王云飞的手腕儿，随后又用力地往他身后一拧。王云飞疼的嗷嗷直叫，陈队长冷声喝道，赶紧滚出去。要是敢在帝豪集团闹事，当心我废了你，你他妈一个保安队长，敢跟我大呼小叫，你知道我是谁吗？王云飞话音刚落，陈队长直接一个耳光就抽了过来，怒骂道，在帝豪集团面前，你算什么东西？王云飞被抽了一个耳光，脸上火辣辣的疼着，正想暴怒呢，手机忽然响了起来，电话竟然是爸爸打过来的接通电话那边传来了震怒的吼声。你他妈在外面给老子闯什么祸了？现在帝豪集团要跟我们解除合作，你到底在外面得罪谁了？爸，我谁也没得罪啊。我就是过来拜会王富董，可是连王富董的面都没见到。帝豪集团的人说，他们之所以跟王家解除合作，一切都因为你是个没有素质的垃圾，损失惨重。你赶紧给我捆回来，亲自向你爷爷解释。本集内容到此结束，请您关注下集内容。我是肖初然，咱们下期见。""}","三年隐忍，他是被人戳脊梁骨的废物赘婿，洗衣做饭，卑微入尘。
却不知潜龙在渊，只待一声雷鸣！

一朝封印解开，千亿身家加身，无上秘术在手。
不仅有悬壶济世的妙手，更掌生杀予夺的权柄。
妙手回春，引得众生膜拜；雷霆手段，压得众豪门低头。

曾为一人折腰，今为一人屠城。
看他如何从万丈红尘中踏步而起，以绝世之姿，登临世界之巅！",“就你这样的废物来帝豪集团应聘保安都不会要你。有点自知之明的话，还不如去街上捡垃圾。正巧我跟帝豪集团的副董事长有些交情，不如我帮你说上两句话，让他帮你安排个扫厕所的工作？”\n\n“从现在开始，帝豪集团不得再与王家有任何商业来往，所有进行中和筹备中的合作全部叫停。告诉他们，就说帝豪集团不会跟素质低下的垃圾合作。”,,
7,33476331,男中年,259074914,上门龙婿,叶公子,经致听书,已完结,2,2508,上门龙婿003 现金一百亿,"扮猪吃虎
多红颜",美艳老婆嫌我穷，豪门世家找上门后跪求复婚,"播放量：45.3亿
推荐值：66%
值得一听
全站畅销榜NO.1
职场、商战、扮猪吃虎、男频、赘婿",上门龙婿-男中年-封面图,"{""text"": ""欢迎收听由精致文学出品声像工作室制作的上门龙同事第二集，叶晨内心轻叹，岳母一直瞧不起自己，但是如果让他知道自己现在是帝豪集团老板有100亿的现金。他会有什么表现，可是叶晨暂时还不准备让人知道自己的身份，自己离开叶家多年，谁知道叶家现在是什么情况，万一暴露了自己，叶家内部有人对自己不利怎么办，所以还是先低调一些比较好。于是他低着头抱歉地说道，妈，嗯，对不起啊，今天给您添麻烦了，你这何止是添麻烦啊，你这是要我们一家三口的命，你就不能有点自知之明，赶紧从我们家滚蛋。妈，你怎么说话呢，叶晨是你女婿放屁，我没有这样的废物，女婿滚得越远越好。萧初然推了叶晨一把，赶紧回屋哦。叶晨感激的点点头，逃回了房间。他和肖初然结婚三年了，但是三年都没有过夫妻之时，萧初然睡床，他睡在旁边的地铺上，这一晚，叶晨久久不能入眠，今天发生的事情真的是太让人震惊了。他一时半会儿还消化不了睡觉之前，萧初然对他说，李阿姨怎么样了，我这儿还有十几万私房钱，明天你带过去给他用吧。嗯，不用了，有人已经给李阿姨交了钱，送她去燕京治疗了。真的，李阿姨有救了。对啊，李阿姨一生行善积德的帮助过那么多人，现在终于有人回报他了，那就好，你也能松口气了，是啊，我得睡了。最近公司事情特别多好累啊，公司里是出什么事儿了吗？业务上不太好，奶奶一直想跟帝豪集团这样的大公司合作，但萧家实力还是弱了很多，人家看不上啊，肖家跟帝豪集团没有合作，帝豪集团哪儿能看得上萧家呀，就连薇薇的未婚夫王云飞家里也只是勉强能跟帝豪集团搭上一点边。奶奶就指望着他们俩。结婚之后，王家能帮萧家跟帝豪集团搭上线呢。哦，我知道了。原来萧家萧尖了脑袋，都想跟帝豪集团合作呀，可是肖老太太怕是做梦也想不到，帝豪集团现在已经是自己的了。想到这儿，叶晨决定先去接手帝豪集团，然后通过帝豪集团给萧初然一点帮助。她在萧家太受欺负了，自己作为她的老公，有责任帮她提高在家族里的地位。楚然老公从今天起不一样了，不会再让任何人瞧不起你，我会让整个萧家都向你卑躬屈膝。第二天一大早，叶晨做完早饭之后，便骑着自己的小电驴来到帝豪集团，把小电驴停在帝豪集团的停车场边上。刚把车锁好，一辆黑色的宾利轿车就缓缓的停在了对面的一个车车位上。叶晨不经意间，一抬头，便看到车里面走下来一对儿年轻男女，男的身穿着高档西装，一看就很有派头女的打扮妖艳虽然有些艳俗。但也算是少见的美女，仔细一看，竟然是萧初然的堂妹萧薇薇，以及他那个即将订婚的未婚夫王家大少王云飞。叶晨不知道萧薇薇跟王云飞来帝豪集团做什么，但是为了避免麻烦，他还是准备躲远一点，可没想到事情是越躲越来眼尖的，萧薇薇立刻看见了叶晨，高声叫了一嗓子，哎呀，姐夫。萧薇薇这一声姐夫叫得极其亲切。叶城听完之后，却不由一阵头大出于礼数，他只能停住脚步，但两人走近了，才笑着说道，薇薇，你怎么在这儿啊？我跟云飞过来去拜会帝豪集团的副董事长王冬雪。说完，他一脸爱慕地看向王云飞。于飞家里跟帝豪集团有很多合作，将来啊，不但能帮到王家，还能帮到我们萧家。叶晨并不知道王家跟帝豪集团有合作，毕竟帝豪集团也是刚成为他的产业，还来不及了解，不过他也没有表露出来，只是笑着说着，王公子气质非凡，实力不俗。你们呐，真是郎才女貌啊。王云飞轻蔑的看向叶晨，心里不由感到一阵不公，这个臭屌丝昨天被肖老太太骂成那个狗样子。今天还跟没事人似的嬉皮笑脸。为什么萧初然那样的绝色美人会嫁给这样的窝囊废呢？如果没有这个窝囊废，自己肯定会拼命的追求萧初然，哪儿还会跟这个各方面都次一等的萧薇薇订婚。想到这儿，王云飞心中不爽，故意问道，姐夫，跑来帝豪集团做什么哦，我是来找工作的找工作，你这种干啥啥不行的废物还想来帝豪集团找工作。我找工作和你有什么关系啊。萧薇薇叫住叶晨，就是想好好的讽刺挖捕他见王云飞竟然先开始，于是他也立刻讥讽道，怎么，难道云飞说错了要学历，你这窝囊废，有文凭吗，要能力，你这个窝囊废，有成绩吗？就你这样的废物来帝豪集团应聘保安都不会要你。哎，有点儿自知之明的话，还不如去街上捡垃圾，起码一个月还能赚个两三千。说完，他把手里的饮料瓶子丢到叶晨脚下，哼哼道呢，别说我不照顾你，把这个空名字捡起来，拿去卖钱吧，虽然你很垃圾，不过既然是亲戚，那我多少都得照顾你。正巧我跟帝豪集团的副董事长有些交情，不如我帮你说上两句话，让他帮你安排个扫厕所的工作。哼，我找什么样的工作不需要你操心，你还是多操心操心你自己吧。这帝豪集团是大企业，我相信他们不会跟你这种素质低下的垃圾合作的。他们说谁是垃圾，你就是垃圾。说完懒得搭理王云飞，迈步就往帝豪集团大厦里走，你给我站住。王云飞快步跟上，在电梯口追上了叶辰。他本想好好的教训教训叶晨的，最少也得给他两个耳光，让他知道得罪自己的下场，但是一看现在已经在帝豪集团大厦内部担心在这儿动手。会惹怒合作伙伴，于是便只好暂时打消了教训他的念头。他嘴里咬牙切齿道，废物，今天就暂时放你吧，下次你就不会有这么好的运气了。叶晨冷哼一声，迈步走进电梯。王云飞，你以为自己很牛叉，是吗？相信我，很快你就会知道狂妄的代价。他妈王云飞迈步就要冲进电梯，萧微微拉了他一把，语气鄙夷地说道，哎，云飞，别给这种垃圾做同一部电梯，免得被他身上的臭气熏到。王云飞点点头，知道自己不能在这里跟他动手，于是冷声道，放你一把，下次我要你好看。叶晨直接乘坐电梯来到董事长办公室所在的最顶层帝豪集团这边航司还早就已经帮他给安排好。负责跟他对接的是一个叫做王冬雪的女人。王冬雪在金陵的名气很大，是金陵最著名的职场女强人，不仅长得漂亮，而且工作能力极强，年纪轻轻就已经升任帝豪集团的副董事长。帝豪集团能有今天，他是功不可没，现在帝豪集团已经被叶家收购，原本的董事长已经退位，而王冬雪则留了下来，准备辅佐新的董事长。一见到叶晨，王冬雪便震惊不已，他没想到唐四海口中的叶公子竟然会这么年轻，而且还是风度翩翩，随后他不敢耽搁，立刻恭敬无比的说着，少爷，请您屈尊到我的办公室。叶晨也是第一次见到王冬雪，不得不说，王冬雪长得真的是美艳无双，他二十七八岁的年纪，有着苗条又不失风韵的身材，倾国倾城的美貌以及高贵干练的气质。叶晨在王冬雪的办公桌前坐下，开口便道，未来我不会经常来帝豪集团，所以帝豪集团这边儿还要你来主持大局。、王冬雪知道面前的叶公子家族实力非一个帝豪集团对他的家族来说。简直就是毛毛雨，不愿意来亲自管理也属正常。于是他便急忙说道，叶公子，以后有任何事情，您尽管吩咐，我就可以。这时，一个女秘书敲门进来，王福董有一个叫王云飞的，带着他的未婚妻来拜会您，我在见贵客，让他们先等着你认识这个汪云飞啊。这个王云飞家里是咱们下面的一个合作商，主要业务都是依附着咱们，他们家一直说要来拜会一下，都已经来了好几回了。从现在开始，帝豪集团不得再与王家有任何商业来往，所有进行中和筹备中的合作全部叫停。如果王家还能从帝豪集团赚到一分钱，你觉得副董事长王冬雪一听这话，表情顿时一凛，他不用问，也知道，一定是王家的人得罪了少爷，于是他立刻点了点头，说道，少爷放心，我现在就吩咐下去，全面终止，跟王家的一切合作告诉他们，就说帝豪集团不会跟素质下的垃圾合作。然后让保安外面，王云飞和萧薇薇正满心激动地等着王家一直想成为帝豪集团的战略合作伙伴。所以呢，特别希望能够与王冬雪拉近关系，但没想到王冬雪的秘书竟然带着好几个保安来了。王云飞忍不住地问他，你好，请问王副董有时间见我们吗？对不起，我们王副董说了，帝豪集团不会跟你们这种素质低下的垃圾合作，从现在起取消与你们家所有的合作。你说什么？王云飞错愕了片刻，心中惊诧，这句话怎么这么耳熟啊？啊？对了，刚才在停车场的时候，叶晨也说过一模一样的话，王富董这是什么意思，难道要跟王家停止合作吗？王云飞感觉大脑一阵充血，这怎么回事儿，终止一切合作。王家一大半的盈利是依靠着帝豪集团赚的，如果终止合作的话，那家族实力岂不是立刻被削减大半儿？他无法接受这样的现实，大声的吼道，我要见王副董，我要当面跟王副董问清楚。不好意思啊，我们王副董不会见你，而且以后也不允许你再踏入帝豪集团半步。你他妈的臭婊子故意玩儿我是不是我们是帝豪集团的长期合作伙伴，怎么可能说终止就终止保安把他们轰出去。保安队长立刻冲上前来，一把抓住王云飞的手腕儿，随后又用力地往他身后一拧。王云飞疼的嗷嗷直叫，陈队长冷声喝道，赶紧滚出去。要是敢在帝豪集团闹事，当心我废了你，你他妈一个保安队长，敢跟我大呼小叫，你知道我是谁吗？王云飞话音刚落，陈队长直接一个耳光就抽了过来，怒骂道，在帝豪集团面前，你算什么东西？王云飞被抽了一个耳光，脸上火辣辣的疼着，正想暴怒呢，手机忽然响了起来，电话竟然是爸爸打过来的接通电话那边传来了震怒的吼声。你他妈在外面给老子闯什么祸了？现在帝豪集团要跟我们解除合作，你到底在外面得罪谁了？爸，我谁也没得罪啊。我就是过来拜会王富董，可是连王富董的面都没见到。帝豪集团的人说，他们之所以跟王家解除合作，一切都因为你是个没有素质的垃圾，损失惨重。你赶紧给我捆回来，亲自向你爷爷解释。本集内容到此结束，请您关注下集内容。我是肖初然，咱们下期见。""}","三年隐忍，他是被人戳脊梁骨的废物赘婿，洗衣做饭，卑微入尘。
却不知潜龙在渊，只待一声雷鸣！

一朝封印解开，千亿身家加身，无上秘术在手。
不仅有悬壶济世的妙手，更掌生杀予夺的权柄。
妙手回春，引得众生膜拜；雷霆手段，压得众豪门低头。

曾为一人折腰，今为一人屠城。
看他如何从万丈红尘中踏步而起，以绝世之姿，登临世界之巅！","""王云飞：“你这窝囊废，有文凭吗？有成绩吗？就你这样的废物来帝豪集团应聘，保安都不会要你。”\n\n叶晨：“我相信他们不会跟你这种素质低下的垃圾合作的。”\n\n王副董秘书：“我们王副董说了，帝豪集团不会跟你们这种素质低下的垃圾合作，从现在起，取消与你们家所有的合作。”",,
8,33476331,男中年,259074914,上门龙婿,叶公子,经致听书,已完结,4,2508,上门龙婿004 现金一百亿,"扮猪吃虎
多红颜",美艳老婆嫌我穷，豪门世家找上门后跪求复婚,"播放量：45.3亿
推荐值：66%
值得一听
全站畅销榜NO.1
职场、商战、扮猪吃虎、男频、赘婿",上门龙婿-男中年-精彩片段图,,"三年隐忍，他是被人戳脊梁骨的废物赘婿，洗衣做饭，卑微入尘。
却不知潜龙在渊，只待一声雷鸣！

一朝封印解开，千亿身家加身，无上秘术在手。
不仅有悬壶济世的妙手，更掌生杀予夺的权柄。
妙手回春，引得众生膜拜；雷霆手段，压得众豪门低头。

曾为一人折腰，今为一人屠城。
看他如何从万丈红尘中踏步而起，以绝世之姿，登临世界之巅！",,,
9,33476331,男中年,259074914,上门龙婿,叶公子,经致听书,已完结,2,2508,上门龙婿005 现金一百亿,"扮猪吃虎
多红颜",美艳老婆嫌我穷，豪门世家找上门后跪求复婚,"播放量：45.3亿
推荐值：66%
值得一听
全站畅销榜NO.1
职场、商战、扮猪吃虎、男频、赘婿",上门龙婿-剧情梗概图,,"三年隐忍，他是被人戳脊梁骨的废物赘婿，洗衣做饭，卑微入尘。
却不知潜龙在渊，只待一声雷鸣！

一朝封印解开，千亿身家加身，无上秘术在手。
不仅有悬壶济世的妙手，更掌生杀予夺的权柄。
妙手回春，引得众生膜拜；雷霆手段，压得众豪门低头。

曾为一人折腰，今为一人屠城。
看他如何从万丈红尘中踏步而起，以绝世之姿，登临世界之巅！",,,
10,23889957,女老年,193821575,重生八零媳妇有点辣,宝妆成,君颜讲故事,已完结,43,2360,重生八零：媳妇有点辣 0043 拓展了新生意,"恶婆婆现世报
极致甜宠",重生后踹了极品渣爹，带苦命妈走上人生巅峰,"播放量：85.6亿
推荐值：89%
好评如潮
小说女生榜NO.1
发家致富、年代文、虐渣、重生",重生八零-女老年-封面图,"{""text"": ""欢迎继续收听长篇都市言情小说剧重生八零媳妇儿，有点作者，保庄城主要播音素素清扬军演讲故事。喜欢本故事，记得订阅和关注，感谢您的收听。第43集，夏家金凤凰在象牙塔里为了王建华掏心掏肺，夏家的破鞋则骑着车穿行于商都的大街小巷。他在进城途中换个方向，就可以先将胡勇裁定的善于送到市委招待所，剩下的再拿去农贸市场卖，这是第二次卖货给市委招待所。夏晓兰熟门熟路，绕到后门。同志，我找一下胡永才同志。没过五分钟，吴永才就跑出来，看起来急急忙忙的，你今天来得够早，我还担心你赶不上呢。吴永才往自行车箩筐里一看，夏晓兰的黄鳝都没卖过，掀开竹盖子，它们相互缠绕在一起，看上去很精神。吴永才大喜，夏夏妹子，这是你的运气，今天来得够早，皇上也别谢了，先跟我去黄河饭店那边。他们今天晚上有一个几十桌的餐会，你带来的这点货保管一次性卖掉，那可太感谢胡大哥了。胡永才这是给他介绍人脉了，夏晓兰也没想到会这么快，还以为要多打几次交道，他才会松口。夏晓兰上辈子大学毕业接触到社会时已经是十多年后的事了，社会风气已经有所不同，像胡永才这样的招待所采购，见惯了腐蚀他的糖衣炮弹，一条烟算什么，但是在八三年，敢像夏晓兰这样大方送礼的很少见。两条烟一瓶酒都够给人落实一个工作了，出手就是一条烟。夏晓兰这事儿办得太大方了，胡永才回家后想来想去，收了东西就得帮忙把事儿办好。夏晓兰求的又不是啥大事儿，就是找到稳定的黄鳝买家。市委招待所的伙食标准是有规定的，和老资格的市委招待所不同，1975年开业的黄河饭店却是一家涉外饭店。饭店主营粤菜和川菜需要的善于可不少。这么说吧，来市委招待所的都是有权的去黄河饭店的，却是有钱的一份鳝鱼包能卖到十块，随便来一个爆炒鳝鱼丝都是六块，可比市委招待所有钱多了，胡永才就是简单给介绍了下黄河饭店的情况。黄河饭店就在中原路离市委招待所不远，胡永才领着夏晓兰过去，可能事先沟通过采购的二话不说，将夏晓兰的鳝鱼全部买下57斤鳝鱼给的价钱还是一块二一斤。夏晓兰带来的200个鸡蛋人家也买了，这人和胡永才挺熟悉，虽然没有拍着胸脯说，要像胡永才那样预定黄鳝，却也挺实在。你以后有货了，先来这边儿问问，就说找朱放。朱放人很傲气，能把他安排在黄河饭店上班，他家里关系也挺不错的，都是干采购的，他和市委招待所的胡永才是朋友，两人算是互通有无。吴永才昨天下班后来找他，问他黄河饭店要不要收黄鳝，他有个亲戚，最近在卖这个黄河饭店，当然需要黄鳝主营的就有粤菜，鳝鱼包都不卖，那咋能算正宗这点儿小事儿，他要是办不下来，在胡永才面前岂不是丢了面子。朱放没想到的是，吴永才的亲戚这么漂亮，和那些录像带上的港台女明星一样漂亮，朱放没想到现实中也有这样的人物。刚才差点儿没在夏晓兰面前丢脸，胡哥，他是你啥亲戚啊，以前早没听你提取过得又是一个被夏晓兰迷住的朱放。这人平时眼高于顶的，也有给他胡永才点烟陪笑的时候，吴永才啧啧称奇，大大，你小子对人家有意思啊。猪放干咳两声，可以交个朋友吗？吴勇才想，现在到处都在严打人家大闺女脑子发昏呢，和你交啥朋友不以结婚为目的的恋爱都是耍流氓。吴永才对夏晓兰了解的都不多，随口敷衍道，你们打交道的时候多着呢，他这个生意怎么也要做到十一月吧。哎，你小子别欺负人家女同志，要把握好尺度啊。朱放家里有点儿小权，小伙子也是行情紧俏的未婚男青年，长得也不丑，万一真是夏晓兰的缘分呢，胡永才没把话说得太死，朱放一听这话是有戏呀，夏晓兰肯定没结婚，结婚了，吴勇才会提醒他。他顿时懊恼不已，刚才不该端着架子直接向他定下，每天送多少斤黄鳝来黄河饭店，那不就天天能见面了吗，多好的相处机会啊。夏晓兰不知道自己又刷了一把颜值的便利，黄鳝是不愁大买主了，他没想到今天会如此顺利，将带来的货销售一空来之前他身上有五十多。卖了黄鳝和鸡蛋，一共就有150元左右了。时间还早，夏晓兰骑着车直奔农贸市场，农贸市场，再往城外走。有一家榨油厂，夏晓兰不想空车返回七景村，想做一个顺道的生意。他想来想去，又反复琢磨乡下的市场，能从农民手里掏出钱的，只有能让他们赚钱的东西。安庆县有啥最大的两个厂子是农机厂和肉联厂，农机厂，夏晓兰掺和不进去，可因为有肉联厂的存在，安庆县周边的农民养猪的不少，没有哪家会奢侈到过年时留一整头猪。就算是自家请人宰杀，大部分肉都要卖掉，剩下点儿下水和边角料。自家过年，更多的是直接将整头猪卖给安庆县。肉联厂养猪可能是农民在田地里刨食之外最大的经济来源猪太瘦了，卖不上价钱，农民会给猪育肥，刘家也养了两头猪。夏晓兰听见舅妈李凤梅说，要买点儿油饼给猪吃，乡镇集市上买了两趟都没找到。夏晓兰听得心中一动，就问他是什么样的油饼，油饼就是榨油后剩的油炸废料，用菜籽压榨完油后会剩下一些油渣。这东西经过发酵就是给猪育肥的饲料，在猪食里掺一点儿。猪长得很快，李凤梅买了两次，都没有碰到卖油饼的证明，这东西有人在卖，只是不能保证稳定供货，有销路就能赚钱。安庆县周围的油饼不够商都市，还有啊，夏晓兰又不是特意来买油饼，卖完黄鳝顺便再回去，他还不用特意去集市卖，每天到处跑，各村儿收黄鳝，顺便就把油饼卖给养猪的村民，善于观察周边环境是对的。要不夏晓兰怎么知道农贸市场那方向有一家榨油厂呢？他骑着自行车找到那边一条大前门的威力显露无疑，夏晓兰已经能熟练运用香烟交际，送一条太刺眼了。他又跑去买了一条烟，这次却将烟拆成散包，走进榨油厂，那味道真是香的要命干啥的，榨油厂的门卫警醒着呢，远远就把夏晓兰给叫住了。榨油厂是个热门单位，这年头儿油有多么紧缺，类似的还有什么糖厂，酒精厂，包括肉联厂在内等和人民日常生活息息相关的厂福利待遇都很好。你好，我想问一下厂里的油渣卖吗？夏晓兰说这话就很自然，把烟给递上了。门卫是个四十多岁的男人，被他的行为打了个措手不及。夏晓兰是个很漂亮的姑娘，漂亮之余，她又热情大方的伸手不打笑脸，人拒绝不了夏晓兰的香烟，攻略之后，自然拒绝不了夏晓兰的请求。渣油厂的油渣当然要卖，他们堆着这玩意儿干嘛。肉联厂是指负责收购生猪等家畜屠宰，他们又不养猪，大规模的养猪场并不多，榨油厂的油渣也是要零散往外卖的。不过这个零散是指100斤以上1000斤以下普通农民跑来榨油厂零散买几斤油渣，那肯定连厂门都进不去，三分钱一斤，你要多少榨油厂的油渣子堆得像小山一样高。才三分钱一斤。李凤梅以前买的油渣是八分一斤一斤油渣是五分钱的利润，一个鸡蛋，夏晓兰才赚两分钱呢，而且油渣随便装在自行车后座的箩筐里。根本没啥耗损，只要夏晓兰能在得动，她想买多少买多少了。夏晓兰掂量了一下自己的体力，忍住了贪心。嗯，先装300斤吧。""}","重回八零年，她成了名声尽毁的“坏女人”，还面临被极品亲戚卖掉抵债的地狱开局？

不慌！她手撕渣渣，带母出逃，搞个体、炒房产、玩股市，从摆摊小妹逆袭成身家亿万的商界女王！顺便考个省状元，拿下建筑大奖，打脸所有质疑。

本想一心搞钱，没曾想那个位高权重的冷面军官将她捧在手心：“媳妇，命都给你！”
美貌是利器，智商是底牌，且看她如何逆风翻盘，一手烂牌打出王炸！",卖完黄鳝和鸡蛋，时间还早。夏晓兰骑着车，不想空车返回七景村，想做一个顺道的生意。她反复琢磨乡下的市场，能从农民手里掏出钱的，只有能让他们赚钱的东西。\n\n夏晓兰听舅妈说起，要买油饼给猪育肥，跑了两趟集市都没找到。她心中一动，油饼就是榨油剩下的油渣废料，这东西有销路就能赚钱！安庆县的油饼不够，商都市还有啊。她卖完黄鳝顺道去买，再顺道卖给各村养猪的村民，这笔账算得清清楚楚。,,
11,23889957,女中年,193821575,重生八零媳妇有点辣,宝妆成,君颜讲故事,已完结,43,2360,重生八零：媳妇有点辣 0044 拓展了新生意,"弃妇的第二春
重生年代搞钱",从摆地摊到地产女王：我把烂牌打成王炸,"播放量：85.6亿
推荐值：89%
好评如潮
小说女生榜NO.1
发家致富、年代文、虐渣、重生",重生八零-女中年-封面图,"{""text"": ""欢迎继续收听长篇都市言情小说剧重生八零媳妇儿，有点作者，保庄城主要播音素素清扬军演讲故事。喜欢本故事，记得订阅和关注，感谢您的收听。第43集，夏家金凤凰在象牙塔里为了王建华掏心掏肺，夏家的破鞋则骑着车穿行于商都的大街小巷。他在进城途中换个方向，就可以先将胡勇裁定的善于送到市委招待所，剩下的再拿去农贸市场卖，这是第二次卖货给市委招待所。夏晓兰熟门熟路，绕到后门。同志，我找一下胡永才同志。没过五分钟，吴永才就跑出来，看起来急急忙忙的，你今天来得够早，我还担心你赶不上呢。吴永才往自行车箩筐里一看，夏晓兰的黄鳝都没卖过，掀开竹盖子，它们相互缠绕在一起，看上去很精神。吴永才大喜，夏夏妹子，这是你的运气，今天来得够早，皇上也别谢了，先跟我去黄河饭店那边。他们今天晚上有一个几十桌的餐会，你带来的这点货保管一次性卖掉，那可太感谢胡大哥了。胡永才这是给他介绍人脉了，夏晓兰也没想到会这么快，还以为要多打几次交道，他才会松口。夏晓兰上辈子大学毕业接触到社会时已经是十多年后的事了，社会风气已经有所不同，像胡永才这样的招待所采购，见惯了腐蚀他的糖衣炮弹，一条烟算什么，但是在八三年，敢像夏晓兰这样大方送礼的很少见。两条烟一瓶酒都够给人落实一个工作了，出手就是一条烟。夏晓兰这事儿办得太大方了，胡永才回家后想来想去，收了东西就得帮忙把事儿办好。夏晓兰求的又不是啥大事儿，就是找到稳定的黄鳝买家。市委招待所的伙食标准是有规定的，和老资格的市委招待所不同，1975年开业的黄河饭店却是一家涉外饭店。饭店主营粤菜和川菜需要的善于可不少。这么说吧，来市委招待所的都是有权的去黄河饭店的，却是有钱的一份鳝鱼包能卖到十块，随便来一个爆炒鳝鱼丝都是六块，可比市委招待所有钱多了，胡永才就是简单给介绍了下黄河饭店的情况。黄河饭店就在中原路离市委招待所不远，胡永才领着夏晓兰过去，可能事先沟通过采购的二话不说，将夏晓兰的鳝鱼全部买下57斤鳝鱼给的价钱还是一块二一斤。夏晓兰带来的200个鸡蛋人家也买了，这人和胡永才挺熟悉，虽然没有拍着胸脯说，要像胡永才那样预定黄鳝，却也挺实在。你以后有货了，先来这边儿问问，就说找朱放。朱放人很傲气，能把他安排在黄河饭店上班，他家里关系也挺不错的，都是干采购的，他和市委招待所的胡永才是朋友，两人算是互通有无。吴永才昨天下班后来找他，问他黄河饭店要不要收黄鳝，他有个亲戚，最近在卖这个黄河饭店，当然需要黄鳝主营的就有粤菜，鳝鱼包都不卖，那咋能算正宗这点儿小事儿，他要是办不下来，在胡永才面前岂不是丢了面子。朱放没想到的是，吴永才的亲戚这么漂亮，和那些录像带上的港台女明星一样漂亮，朱放没想到现实中也有这样的人物。刚才差点儿没在夏晓兰面前丢脸，胡哥，他是你啥亲戚啊，以前早没听你提取过得又是一个被夏晓兰迷住的朱放。这人平时眼高于顶的，也有给他胡永才点烟陪笑的时候，吴永才啧啧称奇，大大，你小子对人家有意思啊。猪放干咳两声，可以交个朋友吗？吴勇才想，现在到处都在严打人家大闺女脑子发昏呢，和你交啥朋友不以结婚为目的的恋爱都是耍流氓。吴永才对夏晓兰了解的都不多，随口敷衍道，你们打交道的时候多着呢，他这个生意怎么也要做到十一月吧。哎，你小子别欺负人家女同志，要把握好尺度啊。朱放家里有点儿小权，小伙子也是行情紧俏的未婚男青年，长得也不丑，万一真是夏晓兰的缘分呢，胡永才没把话说得太死，朱放一听这话是有戏呀，夏晓兰肯定没结婚，结婚了，吴勇才会提醒他。他顿时懊恼不已，刚才不该端着架子直接向他定下，每天送多少斤黄鳝来黄河饭店，那不就天天能见面了吗，多好的相处机会啊。夏晓兰不知道自己又刷了一把颜值的便利，黄鳝是不愁大买主了，他没想到今天会如此顺利，将带来的货销售一空来之前他身上有五十多。卖了黄鳝和鸡蛋，一共就有150元左右了。时间还早，夏晓兰骑着车直奔农贸市场，农贸市场，再往城外走。有一家榨油厂，夏晓兰不想空车返回七景村，想做一个顺道的生意。他想来想去，又反复琢磨乡下的市场，能从农民手里掏出钱的，只有能让他们赚钱的东西。安庆县有啥最大的两个厂子是农机厂和肉联厂，农机厂，夏晓兰掺和不进去，可因为有肉联厂的存在，安庆县周边的农民养猪的不少，没有哪家会奢侈到过年时留一整头猪。就算是自家请人宰杀，大部分肉都要卖掉，剩下点儿下水和边角料。自家过年，更多的是直接将整头猪卖给安庆县。肉联厂养猪可能是农民在田地里刨食之外最大的经济来源猪太瘦了，卖不上价钱，农民会给猪育肥，刘家也养了两头猪。夏晓兰听见舅妈李凤梅说，要买点儿油饼给猪吃，乡镇集市上买了两趟都没找到。夏晓兰听得心中一动，就问他是什么样的油饼，油饼就是榨油后剩的油炸废料，用菜籽压榨完油后会剩下一些油渣。这东西经过发酵就是给猪育肥的饲料，在猪食里掺一点儿。猪长得很快，李凤梅买了两次，都没有碰到卖油饼的证明，这东西有人在卖，只是不能保证稳定供货，有销路就能赚钱。安庆县周围的油饼不够商都市，还有啊，夏晓兰又不是特意来买油饼，卖完黄鳝顺便再回去，他还不用特意去集市卖，每天到处跑，各村儿收黄鳝，顺便就把油饼卖给养猪的村民，善于观察周边环境是对的。要不夏晓兰怎么知道农贸市场那方向有一家榨油厂呢？他骑着自行车找到那边一条大前门的威力显露无疑，夏晓兰已经能熟练运用香烟交际，送一条太刺眼了。他又跑去买了一条烟，这次却将烟拆成散包，走进榨油厂，那味道真是香的要命干啥的，榨油厂的门卫警醒着呢，远远就把夏晓兰给叫住了。榨油厂是个热门单位，这年头儿油有多么紧缺，类似的还有什么糖厂，酒精厂，包括肉联厂在内等和人民日常生活息息相关的厂福利待遇都很好。你好，我想问一下厂里的油渣卖吗？夏晓兰说这话就很自然，把烟给递上了。门卫是个四十多岁的男人，被他的行为打了个措手不及。夏晓兰是个很漂亮的姑娘，漂亮之余，她又热情大方的伸手不打笑脸，人拒绝不了夏晓兰的香烟，攻略之后，自然拒绝不了夏晓兰的请求。渣油厂的油渣当然要卖，他们堆着这玩意儿干嘛。肉联厂是指负责收购生猪等家畜屠宰，他们又不养猪，大规模的养猪场并不多，榨油厂的油渣也是要零散往外卖的。不过这个零散是指100斤以上1000斤以下普通农民跑来榨油厂零散买几斤油渣，那肯定连厂门都进不去，三分钱一斤，你要多少榨油厂的油渣子堆得像小山一样高。才三分钱一斤。李凤梅以前买的油渣是八分一斤一斤油渣是五分钱的利润，一个鸡蛋，夏晓兰才赚两分钱呢，而且油渣随便装在自行车后座的箩筐里。根本没啥耗损，只要夏晓兰能在得动，她想买多少买多少了。夏晓兰掂量了一下自己的体力，忍住了贪心。嗯，先装300斤吧。""}","重回八零年，她成了名声尽毁的“坏女人”，还面临被极品亲戚卖掉抵债的地狱开局？

不慌！她手撕渣渣，带母出逃，搞个体、炒房产、玩股市，从摆摊小妹逆袭成身家亿万的商界女王！顺便考个省状元，拿下建筑大奖，打脸所有质疑。

本想一心搞钱，没曾想那个位高权重的冷面军官将她捧在手心：“媳妇，命都给你！”
美貌是利器，智商是底牌，且看她如何逆风翻盘，一手烂牌打出王炸！",她反复琢磨乡下的市场，能从农民手里掏出钱的，只有能让他们赚钱的东西。\n\n卖完黄鳝顺道再拉回油饼，每天到处跑收黄鳝，顺便就把油饼卖给养猪的村民。\n\n有销路，就能赚钱。,,
12,23889957,女中年,193821575,重生八零媳妇有点辣,宝妆成,君颜讲故事,已完结,43,2360,重生八零：媳妇有点辣 0045 拓展了新生意,"弃妇的第二春
重生年代搞钱",从摆地摊到地产女王：我把烂牌打成王炸,"播放量：85.6亿
推荐值：89%
好评如潮
小说女生榜NO.1
发家致富、年代文、虐渣、重生",重生八零-女中年-精彩片段图,,"重回八零年，她成了名声尽毁的“坏女人”，还面临被极品亲戚卖掉抵债的地狱开局？

不慌！她手撕渣渣，带母出逃，搞个体、炒房产、玩股市，从摆摊小妹逆袭成身家亿万的商界女王！顺便考个省状元，拿下建筑大奖，打脸所有质疑。

本想一心搞钱，没曾想那个位高权重的冷面军官将她捧在手心：“媳妇，命都给你！”
美貌是利器，智商是底牌，且看她如何逆风翻盘，一手烂牌打出王炸！",,,
13,23889957,女中年,193821575,重生八零媳妇有点辣,宝妆成,君颜讲故事,已完结,43,2360,重生八零：媳妇有点辣 0046 拓展了新生意,"弃妇的第二春
重生年代搞钱",从摆地摊到地产女王：我把烂牌打成王炸,"播放量：85.6亿
推荐值：89%
好评如潮
小说女生榜NO.1
发家致富、年代文、虐渣、重生",重生八零-女中年-剧情梗概图,,"重回八零年，她成了名声尽毁的“坏女人”，还面临被极品亲戚卖掉抵债的地狱开局？

不慌！她手撕渣渣，带母出逃，搞个体、炒房产、玩股市，从摆摊小妹逆袭成身家亿万的商界女王！顺便考个省状元，拿下建筑大奖，打脸所有质疑。

本想一心搞钱，没曾想那个位高权重的冷面军官将她捧在手心：“媳妇，命都给你！”
美貌是利器，智商是底牌，且看她如何逆风翻盘，一手烂牌打出王炸！",,,